Workbook

Sheet Board
A1: Brightline Logistics - Edge Model Trade-off Board
A2: [cpu] Intel VM (CPU only) | 13th Gen Intel(R) Core(TM) i9-13900HX | torch 2.14.1+cpu | seeds [0, 1, 2] | 5 trials x 300 timed forwards, batch 1, n_test=2000 || [t4gpu] Colab (T4 GPU) | Tesla T4 | torch 2.11.0+cu130 | seeds [0, 1, 2] | 5 trials x 300 timed forwards, batch 1, n_test=2000
A4: tag | B4: config | C4: technique | D4: device | E4: precision | F4: params | G4: size MB | H4: accuracy (mean of seeds) | I4: accuracy std (seeds) | J4: acc 95% CI +/- (binomial) | K4: p50 ms (mean of trials) | L4: p50 std across trials | M4: p95 ms (mean of trials) | N4: p95 std across trials | O4: peak GPU MB | P4: CPU RSS delta MB | Q4: reference config | R4: acc delta vs ref | S4: p50 speedup vs ref (x) | T4: size ratio vs ref | U4: note
A5: cpu | B5: baseline_fp32 | C5: Baseline: late fusion, softmax attention, FP32 | D5: cpu | E5: fp32 | F5: 138022 | G5: 0.5427 | H5: =AVERAGEIFS(Acc_Runs!D2:D49,Acc_Runs!A2:A49,A5,Acc_Runs!B2:B49,B5) | I5: 0.012619429 | J5: =AVERAGEIFS(Acc_Runs!F2:F49,Acc_Runs!A2:A49,A5,Acc_Runs!B2:B49,B5) | K5: =AVERAGEIFS(Latency_Runs!E2:E81,Latency_Runs!A2:A81,A5,Latency_Runs!B2:B81,B5) | L5: 0.0069941588 | M5: =AVERAGEIFS(Latency_Runs!F2:F81,Latency_Runs!A2:A81,A5,Latency_Runs!B2:B81,B5) | N5: 0.059748292 | P5: 1.49 | Q5: - | U5: Reference for the primary device
A6: cpu | B6: linear_attn | C6: Architecture variant: linear attention | D6: cpu | E6: fp32 | F6: 138022 | G6: 0.5427 | H6: =AVERAGEIFS(Acc_Runs!D2:D49,Acc_Runs!A2:A49,A6,Acc_Runs!B2:B49,B6) | I6: 0.012529964 | J6: =AVERAGEIFS(Acc_Runs!F2:F49,Acc_Runs!A2:A49,A6,Acc_Runs!B2:B49,B6) | K6: =AVERAGEIFS(Latency_Runs!E2:E81,Latency_Runs!A2:A81,A6,Latency_Runs!B2:B81,B6) | L6: 0.013748063 | M6: =AVERAGEIFS(Latency_Runs!F2:F81,Latency_Runs!A2:A81,A6,Latency_Runs!B2:B81,B6) | N6: 0.088331122 | P6: -37.87 | Q6: baseline_fp32 | R6: =H6-H5 | S6: =K5/K6 | T6: =G6/G5 | U6: Sequence length is only 24: no asymptotic advantage expected
A7: cpu | B7: early_fusion | C7: Fusion variant: early fusion, same budget | D7: cpu | E7: fp32 | F7: 114630 | G7: 0.4471 | H7: =AVERAGEIFS(Acc_Runs!D2:D49,Acc_Runs!A2:A49,A7,Acc_Runs!B2:B49,B7) | I7: 0.0086216781 | J7: =AVERAGEIFS(Acc_Runs!F2:F49,Acc_Runs!A2:A49,A7,Acc_Runs!B2:B49,B7) | K7: =AVERAGEIFS(Latency_Runs!E2:E81,Latency_Runs!A2:A81,A7,Latency_Runs!B2:B81,B7) | L7: 0.0052999298 | M7: =AVERAGEIFS(Latency_Runs!F2:F81,Latency_Runs!A2:A81,A7,Latency_Runs!B2:B81,B7) | N7: 0.04071163 | P7: 0.11 | Q7: baseline_fp32 | R7: =H7-H5 | S7: =K5/K7 | T7: =G7/G5 | U7: Image patches + words in one transformer
A8: cpu | B8: early_fusion_2x | C8: Fusion variant: early fusion, 2x epochs | D8: cpu | E8: fp32 | F8: 114630 | G8: 0.4471 | H8: =AVERAGEIFS(Acc_Runs!D2:D49,Acc_Runs!A2:A49,A8,Acc_Runs!B2:B49,B8) | I8: 0.013811227 | J8: =AVERAGEIFS(Acc_Runs!F2:F49,Acc_Runs!A2:A49,A8,Acc_Runs!B2:B49,B8) | K8: =AVERAGEIFS(Latency_Runs!E2:E81,Latency_Runs!A2:A81,A8,Latency_Runs!B2:B81,B8) | L8: 0.017736312 | M8: =AVERAGEIFS(Latency_Runs!F2:F81,Latency_Runs!A2:A81,A8,Latency_Runs!B2:B81,B8) | N8: 0.040078037 | P8: 0 | Q8: baseline_fp32 | R8: =H8-H5 | S8: =K5/K8 | T8: =G8/G5 | U8: Same model, double the epochs: separates 'worse' from 'slower to train'
A9: cpu | B9: student_kd | C9: Distilled student (KD from baseline) | D9: cpu | E9: fp32 | F9: 9030 | G9: 0.0462 | H9: =AVERAGEIFS(Acc_Runs!D2:D49,Acc_Runs!A2:A49,A9,Acc_Runs!B2:B49,B9) | I9: 0.0090875373 | J9: =AVERAGEIFS(Acc_Runs!F2:F49,Acc_Runs!A2:A49,A9,Acc_Runs!B2:B49,B9) | K9: =AVERAGEIFS(Latency_Runs!E2:E81,Latency_Runs!A2:A81,A9,Latency_Runs!B2:B81,B9) | L9: 0.013048295 | M9: =AVERAGEIFS(Latency_Runs!F2:F81,Latency_Runs!A2:A81,A9,Latency_Runs!B2:B81,B9) | N9: 0.039326397 | P9: 0.12 | Q9: baseline_fp32 | R9: =H9-H5 | S9: =K5/K9 | T9: =G9/G5 | U9: Width 16, 1 layer, distilled from the baseline
A10: cpu | B10: student_nokd | C10: Student, labels only (KD control) | D10: cpu | E10: fp32 | F10: 9030 | G10: 0.0462 | H10: =AVERAGEIFS(Acc_Runs!D2:D49,Acc_Runs!A2:A49,A10,Acc_Runs!B2:B49,B10) | I10: 0.0060484158 | J10: =AVERAGEIFS(Acc_Runs!F2:F49,Acc_Runs!A2:A49,A10,Acc_Runs!B2:B49,B10) | K10: =AVERAGEIFS(Latency_Runs!E2:E81,Latency_Runs!A2:A81,A10,Latency_Runs!B2:B81,B10) | L10: 0.0056230555 | M10: =AVERAGEIFS(Latency_Runs!F2:F81,Latency_Runs!A2:A81,A10,Latency_Runs!B2:B81,B10) | N10: 0.037768197 | P10: 0.01 | Q10: baseline_fp32 | R10: =H10-H5 | S10: =K5/K10 | T10: =G10/G5 | U10: Same student from labels only: isolates the effect of KD
A11: cpu | B11: cpu_baseline_int8 | C11: Quantized: dynamic INT8 on CPU | D11: cpu | E11: int8 | F11: 138022 | G11: 0.2439 | H11: =AVERAGEIFS(Acc_Runs!D2:D49,Acc_Runs!A2:A49,A11,Acc_Runs!B2:B49,B11) | I11: 0.013079883 | J11: =AVERAGEIFS(Acc_Runs!F2:F49,Acc_Runs!A2:A49,A11,Acc_Runs!B2:B49,B11) | K11: =AVERAGEIFS(Latency_Runs!E2:E81,Latency_Runs!A2:A81,A11,Latency_Runs!B2:B81,B11) | L11: 0.0078860165 | M11: =AVERAGEIFS(Latency_Runs!F2:F81,Latency_Runs!A2:A81,A11,Latency_Runs!B2:B81,B11) | N11: 0.09377574 | P11: 3.51 | Q11: baseline_fp32 | R11: =H11-H5 | S11: =K5/K11 | T11: =G11/G5 | U11: Dynamic INT8 on Linear layers; convolutions stay FP32
A12: t4gpu | B12: baseline_fp32 | C12: Baseline: late fusion, softmax attention, FP32 | D12: cuda | E12: fp32 | F12: 138022 | G12: 0.5434 | H12: =AVERAGEIFS(Acc_Runs!D2:D49,Acc_Runs!A2:A49,A12,Acc_Runs!B2:B49,B12) | I12: 0.013967224 | J12: =AVERAGEIFS(Acc_Runs!F2:F49,Acc_Runs!A2:A49,A12,Acc_Runs!B2:B49,B12) | K12: =AVERAGEIFS(Latency_Runs!E2:E81,Latency_Runs!A2:A81,A12,Latency_Runs!B2:B81,B12) | L12: 0.21280876 | M12: =AVERAGEIFS(Latency_Runs!F2:F81,Latency_Runs!A2:A81,A12,Latency_Runs!B2:B81,B12) | N12: 0.45499673 | O12: 18.945 | P12: 0.33 | Q12: - | U12: Reference for the primary device
A13: t4gpu | B13: baseline_fp16 | C13: Precision: FP16 weights (GPU only) | D13: cuda | E13: fp16 | F13: 138022 | G13: 0.2796 | H13: =AVERAGEIFS(Acc_Runs!D2:D49,Acc_Runs!A2:A49,A13,Acc_Runs!B2:B49,B13) | I13: 0.0130416 | J13: =AVERAGEIFS(Acc_Runs!F2:F49,Acc_Runs!A2:A49,A13,Acc_Runs!B2:B49,B13) | K13: =AVERAGEIFS(Latency_Runs!E2:E81,Latency_Runs!A2:A81,A13,Latency_Runs!B2:B81,B13) | L13: 0.060024455 | M13: =AVERAGEIFS(Latency_Runs!F2:F81,Latency_Runs!A2:A81,A13,Latency_Runs!B2:B81,B13) | N13: 0.34180557 | O13: 18.162 | P13: 32.04 | Q13: baseline_fp32 | R13: =H13-H12 | S13: =K12/K13 | T13: =G13/G12 | U13: Same weights as baseline
A14: t4gpu | B14: linear_attn | C14: Architecture variant: linear attention | D14: cuda | E14: fp32 | F14: 138022 | G14: 0.5434 | H14: =AVERAGEIFS(Acc_Runs!D2:D49,Acc_Runs!A2:A49,A14,Acc_Runs!B2:B49,B14) | I14: 0.013028814 | J14: =AVERAGEIFS(Acc_Runs!F2:F49,Acc_Runs!A2:A49,A14,Acc_Runs!B2:B49,B14) | K14: =AVERAGEIFS(Latency_Runs!E2:E81,Latency_Runs!A2:A81,A14,Latency_Runs!B2:B81,B14) | L14: 0.37081266 | M14: =AVERAGEIFS(Latency_Runs!F2:F81,Latency_Runs!A2:A81,A14,Latency_Runs!B2:B81,B14) | N14: 0.77662785 | O14: 18.945 | P14: 0.54 | Q14: baseline_fp32 | R14: =H14-H12 | S14: =K12/K14 | T14: =G14/G12 | U14: Sequence length is only 24: no asymptotic advantage expected
A15: t4gpu | B15: early_fusion | C15: Fusion variant: early fusion, same budget | D15: cuda | E15: fp32 | F15: 114630 | G15: 0.4476 | H15: =AVERAGEIFS(Acc_Runs!D2:D49,Acc_Runs!A2:A49,A15,Acc_Runs!B2:B49,B15) | I15: 0.0086216781 | J15: =AVERAGEIFS(Acc_Runs!F2:F49,Acc_Runs!A2:A49,A15,Acc_Runs!B2:B49,B15) | K15: =AVERAGEIFS(Latency_Runs!E2:E81,Latency_Runs!A2:A81,A15,Latency_Runs!B2:B81,B15) | L15: 0.015845997 | M15: =AVERAGEIFS(Latency_Runs!F2:F81,Latency_Runs!A2:A81,A15,Latency_Runs!B2:B81,B15) | N15: 0.26507698 | O15: 19.062 | P15: 0 | Q15: baseline_fp32 | R15: =H15-H12 | S15: =K12/K15 | T15: =G15/G12 | U15: Image patches + words in one transformer
A16: t4gpu | B16: early_fusion_2x | C16: Fusion variant: early fusion, 2x epochs | D16: cuda | E16: fp32 | F16: 114630 | G16: 0.4476 | H16: =AVERAGEIFS(Acc_Runs!D2:D49,Acc_Runs!A2:A49,A16,Acc_Runs!B2:B49,B16) | I16: 0.0026457513 | J16: =AVERAGEIFS(Acc_Runs!F2:F49,Acc_Runs!A2:A49,A16,Acc_Runs!B2:B49,B16) | K16: =AVERAGEIFS(Latency_Runs!E2:E81,Latency_Runs!A2:A81,A16,Latency_Runs!B2:B81,B16) | L16: 0.24402539 | M16: =AVERAGEIFS(Latency_Runs!F2:F81,Latency_Runs!A2:A81,A16,Latency_Runs!B2:B81,B16) | N16: 0.62984053 | O16: 19.062 | P16: 0 | Q16: baseline_fp32 | R16: =H16-H12 | S16: =K12/K16 | T16: =G16/G12 | U16: Same model, double the epochs: separates 'worse' from 'slower to train'
A17: t4gpu | B17: student_kd | C17: Distilled student (KD from baseline) | D17: cuda | E17: fp32 | F17: 9030 | G17: 0.0467 | H17: =AVERAGEIFS(Acc_Runs!D2:D49,Acc_Runs!A2:A49,A17,Acc_Runs!B2:B49,B17) | I17: 0.014640128 | J17: =AVERAGEIFS(Acc_Runs!F2:F49,Acc_Runs!A2:A49,A17,Acc_Runs!B2:B49,B17) | K17: =AVERAGEIFS(Latency_Runs!E2:E81,Latency_Runs!A2:A81,A17,Latency_Runs!B2:B81,B17) | L17: 0.033687977 | M17: =AVERAGEIFS(Latency_Runs!F2:F81,Latency_Runs!A2:A81,A17,Latency_Runs!B2:B81,B17) | N17: 0.26632489 | O17: 18.392 | P17: 5.49 | Q17: baseline_fp32 | R17: =H17-H12 | S17: =K12/K17 | T17: =G17/G12 | U17: Width 16, 1 layer, distilled from the baseline
A18: t4gpu | B18: student_nokd | C18: Student, labels only (KD control) | D18: cuda | E18: fp32 | F18: 9030 | G18: 0.0467 | H18: =AVERAGEIFS(Acc_Runs!D2:D49,Acc_Runs!A2:A49,A18,Acc_Runs!B2:B49,B18) | I18: 0.007285831 | J18: =AVERAGEIFS(Acc_Runs!F2:F49,Acc_Runs!A2:A49,A18,Acc_Runs!B2:B49,B18) | K18: =AVERAGEIFS(Latency_Runs!E2:E81,Latency_Runs!A2:A81,A18,Latency_Runs!B2:B81,B18) | L18: 0.03428689 | M18: =AVERAGEIFS(Latency_Runs!F2:F81,Latency_Runs!A2:A81,A18,Latency_Runs!B2:B81,B18) | N18: 0.034836761 | O18: 18.392 | P18: 0 | Q18: baseline_fp32 | R18: =H18-H12 | S18: =K12/K18 | T18: =G18/G12 | U18: Same student from labels only: isolates the effect of KD
A19: t4gpu | B19: cpu_baseline_fp32 | C19: Baseline on CPU, FP32 | D19: cpu | E19: fp32 | F19: 138022 | G19: 0.5427 | H19: =AVERAGEIFS(Acc_Runs!D2:D49,Acc_Runs!A2:A49,A19,Acc_Runs!B2:B49,B19) | I19: 0.013967224 | J19: =AVERAGEIFS(Acc_Runs!F2:F49,Acc_Runs!A2:A49,A19,Acc_Runs!B2:B49,B19) | K19: =AVERAGEIFS(Latency_Runs!E2:E81,Latency_Runs!A2:A81,A19,Latency_Runs!B2:B81,B19) | L19: 0.040939213 | M19: =AVERAGEIFS(Latency_Runs!F2:F81,Latency_Runs!A2:A81,A19,Latency_Runs!B2:B81,B19) | N19: 0.15223486 | P19: 1.54 | Q19: - | U19: CPU reference when the primary device is a GPU
A20: t4gpu | B20: cpu_baseline_int8 | C20: Quantized: dynamic INT8 on CPU | D20: cpu | E20: int8 | F20: 138022 | G20: 0.2439 | H20: =AVERAGEIFS(Acc_Runs!D2:D49,Acc_Runs!A2:A49,A20,Acc_Runs!B2:B49,B20) | I20: 0.013313527 | J20: =AVERAGEIFS(Acc_Runs!F2:F49,Acc_Runs!A2:A49,A20,Acc_Runs!B2:B49,B20) | K20: =AVERAGEIFS(Latency_Runs!E2:E81,Latency_Runs!A2:A81,A20,Latency_Runs!B2:B81,B20) | L20: 1.0129117 | M20: =AVERAGEIFS(Latency_Runs!F2:F81,Latency_Runs!A2:A81,A20,Latency_Runs!B2:B81,B20) | N20: 4.9914421 | P20: 0.27 | Q20: cpu_baseline_fp32 | R20: =H20-H19 | S20: =K19/K20 | T20: =G20/G19 | U20: Dynamic INT8 on Linear layers; convolutions stay FP32

Sheet Methodology
A1: METHODOLOGY AND LIMITS
A3: Task: 6-class claim-queue routing from (bill-of-lading image, driver-note transcript). Label = cargo condition (intact/crushed/wet, from the image) x receiver outcome (accepted/refused, from the note).
A4: Data: synthetic, generated by the assignment script with a fixed seed. Image: noisy page, low-contrast cue (depth 0.22), faint decoy scratches and smudges. Note: 60% carry a decoy clause about a different load with the opposite outcome. 10% of image cues and 12% of note cues are wrong, so the ceiling is roughly 0.79. Same data for every configuration. The test set is never used for training or selection.
A5: Driver notes are text transcripts. No audio model is in the loop, so speech-recognition error is NOT measured (a stated gap).
A6: Accuracy: mean over training seeds on a fixed test set; seed std, plus a binomial 95% interval that covers test-set sampling error only.
A7: Latency: batch size 1; warm-up before every timed trial; torch.cuda.synchronize() before and after each timed forward; repeated trials; p50/p95 per trial; variance reported across trials.
A8: Confounds controlled: input transfer excluded from the timer; CPU thread count pinned; configs visited in shuffled order within each trial round; each config's memory measured alone on a fresh load.
A9: Memory: GPU peak = torch.cuda.max_memory_allocated (excludes the CUDA context). CPU: serialized model size plus a coarse process-RSS delta.
A10: Techniques: dynamic INT8 quantization of Linear layers (CPU only); FP16 on GPU; knowledge distillation with a labels-only control; linear-attention variant; late vs early fusion (early fusion also trained for 2x epochs to separate 'worse' from 'slower to train').
A11: Hardware: runs are tagged by machine. 'cpu' = the Intel VM (CPU only); 't4gpu' = Colab T4. GPU-labelled configs run on the primary device, so on the VM they run on the CPU.
A13: KNOWN LIMITS (do not over-claim):
A14: - Synthetic data: absolute accuracy says nothing about real scanned bills of lading; only the relative ordering under controlled conditions.
... A22: Reproduce: run the notebook on a Colab T4 (COLAB.md) and the installer script on the VM; both write results/*_<tag>.* and rebuild this workbook.

Sheet VM_vs_GPU
A1: Same code, same seeds, same budgets: Intel VM (tag cpu) vs Colab / T4 GPU (tag t4gpu)
A3: config | B3: VM acc | C3: GPU-run acc | D3: acc diff | E3: VM p50 ms | F3: GPU-run p50 ms | G3: p50 speedup (VM / GPU run) | H3: VM p95 ms | I3: GPU-run p95 ms | J3: p95 speedup | K3: where the GPU run executed it
A4: baseline_fp32 | B4: =Board!H5 | C4: =Board!H12 | D4: =C4-B4 | E4: =Board!K5 | F4: =Board!K12 | G4: =E4/F4 | H4: =Board!M5 | I4: =Board!M12 | J4: =H4/I4 | K4: cuda
A5: linear_attn | B5: =Board!H6 | C5: =Board!H14 | D5: =C5-B5 | E5: =Board!K6 | F5: =Board!K14 | G5: =E5/F5 | H5: =Board!M6 | I5: =Board!M14 | J5: =H5/I5 | K5: cuda
A6: early_fusion | B6: =Board!H7 | C6: =Board!H15 | D6: =C6-B6 | E6: =Board!K7 | F6: =Board!K15 | G6: =E6/F6 | H6: =Board!M7 | I6: =Board!M15 | J6: =H6/I6 | K6: cuda
A7: early_fusion_2x | B7: =Board!H8 | C7: =Board!H16 | D7: =C7-B7 | E7: =Board!K8 | F7: =Board!K16 | G7: =E7/F7 | H7: =Board!M8 | I7: =Board!M16 | J7: =H7/I7 | K7: cuda
A8: student_kd | B8: =Board!H9 | C8: =Board!H17 | D8: =C8-B8 | E8: =Board!K9 | F8: =Board!K17 | G8: =E8/F8 | H8: =Board!M9 | I8: =Board!M17 | J8: =H8/I8 | K8: cuda
A9: student_nokd | B9: =Board!H10 | C9: =Board!H18 | D9: =C9-B9 | E9: =Board!K10 | F9: =Board!K18 | G9: =E9/F9 | H9: =Board!M10 | I9: =Board!M18 | J9: =H9/I9 | K9: cuda
A10: cpu_baseline_int8 | B10: =Board!H11 | C10: =Board!H20 | D10: =C10-B10 | E10: =Board!K11 | F10: =Board!K20 | G10: =E10/F10 | H10: =Board!M11 | I10: =Board!M20 | J10: =H10/I10 | K10: cpu
A12: Quality should agree across hardware (small drift = floating-point order). Latency is what the hardware changes. Note the INT8 and CPU rows run on the CPU of whichever machine this was: the T4 run's CPU is Colab's 2-vCPU Xeon, not the T4.

Sheet Acc_Runs
A1: tag | B1: config | C1: seed | D1: accuracy | E1: n_test | F1: ci95
A2: cpu | B2: baseline_fp32 | C2: 0 | D2: 0.776 | E2: 2000 | F2: 0.018272415
A3: cpu | B3: linear_attn | C3: 0 | D3: 0.78 | E3: 2000 | F3: 0.018155145
A4: cpu | B4: early_fusion | C4: 0 | D4: 0.286 | E4: 2000 | F4: 0.019804925
A5: cpu | B5: early_fusion_2x | C5: 0 | D5: 0.2685 | E5: 2000 | F5: 0.019423182
A6: cpu | B6: student_kd | C6: 0 | D6: 0.7505 | E6: 2000 | F6: 0.01896495
A7: cpu | B7: student_nokd | C7: 0 | D7: 0.733 | E7: 2000 | F7: 0.0193887
A8: cpu | B8: cpu_baseline_int8 | C8: 0 | D8: 0.7765 | E8: 2000 | F8: 0.018257889
A9: cpu | B9: baseline_fp32 | C9: 1 | D9: 0.7915 | E9: 2000 | F9: 0.017804081
A10: cpu | B10: linear_attn | C10: 1 | D10: 0.791 | E10: 2000 | F10: 0.017819785
A11: cpu | B11: early_fusion | C11: 1 | D11: 0.292 | E11: 2000 | F11: 0.019927331
A12: cpu | B12: early_fusion_2x | C12: 1 | D12: 0.28 | E12: 2000 | F12: 0.019678244
A13: cpu | B13: student_kd | C13: 1 | D13: 0.768 | E13: 2000 | F13: 0.018499742
... A49: t4gpu | B49: cpu_baseline_int8 | C49: 2 | D49: 0.8045 | E49: 2000 | F49: 0.017381109

Sheet Latency_Runs
A1: tag | B1: config | C1: device | D1: trial | E1: p50_ms | F1: p95_ms | G1: mean_ms | H1: std_ms | I1: n_iter
A2: cpu | B2: student_kd | C2: cpu | D2: 0 | E2: 0.4007 | F2: 0.624115 | G2: 0.44241567 | H2: 0.14660325 | I2: 300
A3: cpu | B3: early_fusion | C3: cpu | D3: 0 | E3: 0.56565 | F3: 0.78979 | G3: 0.60159133 | H3: 0.12478701 | I3: 300
A4: cpu | B4: linear_attn | C4: cpu | D4: 0 | E4: 0.83555 | F4: 1.14408 | G4: 0.88914933 | H4: 0.19864927 | I4: 300
A5: cpu | B5: baseline_fp32 | C5: cpu | D5: 0 | E5: 0.6287 | F5: 0.915275 | G5: 0.67098933 | H5: 0.13240433 | I5: 300
A6: cpu | B6: student_nokd | C6: cpu | D6: 0 | E6: 0.3944 | F6: 0.671645 | G6: 0.438519 | H6: 0.14176264 | I6: 300
A7: cpu | B7: early_fusion_2x | C7: cpu | D7: 0 | E7: 0.60825 | F7: 0.8875 | G7: 0.65974767 | H7: 0.15220614 | I7: 300
A8: cpu | B8: cpu_baseline_int8 | C8: cpu | D8: 0 | E8: 1.05275 | F8: 1.51315 | G8: 1.1243647 | H8: 0.18817701 | I8: 300
A9: cpu | B9: linear_attn | C9: cpu | D9: 1 | E9: 0.8452 | F9: 1.3275 | G9: 0.916801 | H9: 0.19865473 | I9: 300
A10: cpu | B10: baseline_fp32 | C10: cpu | D10: 1 | E10: 0.62455 | F10: 0.97176 | G10: 0.68529 | H10: 0.16586475 | I10: 300
A11: cpu | B11: student_kd | C11: cpu | D11: 1 | E11: 0.392 | F11: 0.642865 | G11: 0.426915 | H11: 0.11792724 | I11: 300
A12: cpu | B12: student_nokd | C12: cpu | D12: 1 | E12: 0.382 | F12: 0.593205 | G12: 0.41136633 | H12: 0.098371139 | I12: 300
A13: cpu | B13: cpu_baseline_int8 | C13: cpu | D13: 1 | E13: 1.05085 | F13: 1.57908 | G13: 1.1375017 | H13: 0.23018198 | I13: 300
... A81: t4gpu | B81: early_fusion | C81: cuda | D81: 4 | E81: 1.206418 | F81: 1.4691093 | G81: 1.2321118 | H81: 0.13399049 | I81: 300

Sheet ScalingLaw
A1: Scaling-law compute estimate (6ND and Chinchilla-style token budget)
A3: GPU peak FP16 TFLOPs (Colab T4, vendor spec) | B3: 65
A4: Assumed model-FLOPs utilisation (MFU) | B4: 0.3
A5: Scale-up factor for params | B5: 10
A6: Chinchilla tokens per param (D* = k*N) | B6: 20
A7: Colab free-tier session cap (hours, approximate) | B7: 12
A10: model | B10: params N | C10: unique train samples | D10: tokens/sample (24 text + 64 patches) | E10: train samples seen (epochs x N) | F10: actual tokens D = samples seen x tokens/sample | G10: actual train FLOPs 6ND | H10: measured fwd FLOPs/sample | I10: cross-check: 3 x fwd x samples seen | J10: 6ND / measured ratio | K10: Chinchilla D* = k*N | L10: D / D* | M10: unique tokens / D* | N10: 10x params N' | O10: 10x Chinchilla tokens D'=k*N' | P10: 10x train FLOPs 6N'D' | Q10: 10x GPU-hours on T4 | R10: 10x fits in session cap? | S10: years on one T4 (reference rows)
A11: baseline (late fusion) | B11: 138022 | C11: 8000 | D11: 88 | E11: 120000 | F11: =E11*D11 | G11: =6*B11*F11 | H11: 9749248 | I11: =3*H11*E11 | J11: =G11/I11 | K11: =$B$6*B11 | L11: =F11/K11 | M11: =C11*D11/K11 | N11: =$B$5*B11 | O11: =$B$6*N11 | P11: =6*N11*O11 | Q11: =P11/($B$3*10^12*$B$4)/3600 | R11: =IF(Q11<=$B$7,"yes","NO")
A12: linear-attention variant | B12: 138022 | C12: 8000 | D12: 88 | E12: 120000 | F12: =E12*D12 | G12: =6*B12*F12 | H12: 9952000 | I12: =3*H12*E12 | J12: =G12/I12 | K12: =$B$6*B12 | L12: =F12/K12 | M12: =C12*D12/K12 | N12: =$B$5*B12 | O12: =$B$6*N12 | P12: =6*N12*O12 | Q12: =P12/($B$3*10^12*$B$4)/3600 | R12: =IF(Q12<=$B$7,"yes","NO")
A13: early fusion | B13: 114630 | C13: 8000 | D13: 88 | E13: 120000 | F13: =E13*D13 | G13: =6*B13*F13 | H13: 17826560 | I13: =3*H13*E13 | J13: =G13/I13 | K13: =$B$6*B13 | L13: =F13/K13 | M13: =C13*D13/K13 | N13: =$B$5*B13 | O13: =$B$6*N13 | P13: =6*N13*O13 | Q13: =P13/($B$3*10^12*$B$4)/3600 | R13: =IF(Q13<=$B$7,"yes","NO")
A14: distilled student | B14: 9030 | C14: 8000 | D14: 88 | E14: 120000 | F14: =E14*D14 | G14: =6*B14*F14 | H14: 1180864 | I14: =3*H14*E14 | J14: =G14/I14 | K14: =$B$6*B14 | L14: =F14/K14 | M14: =C14*D14/K14 | N14: =$B$5*B14 | O14: =$B$6*N14 | P14: =6*N14*O14 | Q14: =P14/($B$3*10^12*$B$4)/3600 | R14: =IF(Q14<=$B$7,"yes","NO")
A16: Reference rows: what a single free GPU cannot answer (illustrative, not measured):
A17: Reference: 0.9B-parameter audio model (MOSS-Transcribe-Diarize class) | B17: 900000000 | G17: =6*B17*K17 | K17: =$B$6*B17 | Q17: =G17/($B$3*10^12*$B$4)/3600 | R17: =IF(Q17<=$B$7,"yes","NO") | S17: =Q17/24/365
A18: Reference: 10x of that (9B) | B18: 9000000000 | G18: =6*B18*K18 | K18: =$B$6*B18 | Q18: =G18/($B$3*10^12*$B$4)/3600 | R18: =IF(Q18<=$B$7,"yes","NO") | S18: =Q18/24/365
A21: How to read this:
A22: - 6ND: training FLOPs ~ 6 x params x tokens (2ND forward + 4ND backward). Approximate here: the CNN and a 24-token transformer are not transformer-dominated, hence the cross-check against measured FLOPs (column J).
A23: - Chinchilla heuristic: compute-optimal tokens D* ~ 20 x N. Our actual D counts repeated epochs; 'unique tokens / D*' shows how data-limited the run is.
A24: - The 10x rows apply the same heuristic. For these tiny models compute is trivial, so the GPU budget is NOT the binding constraint; the realism of the DATA is.
A25: - The reference rows bound the single-GPU question: a 0.9B model at Chinchilla tokens needs on the order of two months of T4 time (about 1,400 GPU-hours, against a ~12 h session), and its 10x version about 16 years. We can fine-tune or quantize such a model, but not answer how it would scale or how a 10x version would train.
A26: - Peak TFLOPs and MFU are assumptions (yellow cells). Change them and every dependent cell updates.

Sheet Hardware
A1: field | B1: cpu | C1: t4gpu
A2: host_class | B2: intel-vm | C2: colab-t4
A3: host_label | B3: Intel VM (CPU only) | C3: Colab (T4 GPU)
A4: platform | B4: windows | C4: colab
A5: python | B5: 3.14.7 | C5: 3.13.15
A6: torch | B6: 2.14.1+cpu | C6: 2.11.0+cu130
A7: torch_cuda_build | B7: None | C7: 13.0
A8: device | B8: cpu | C8: cuda
A9: gpu_name | B9: None | C9: Tesla T4
A10: vram_gb | B10: None | C10: 14.6
A11: compute_capability | B11: None | C11: 7.5
A12: driver | B12: None | C12: 580.82.07
... A20: matplotlib | B20: 3.11.2 | C20: 3.10.0
A22: total runtime (s) | B22: 1177.5 | C22: 302.2
